NATIONAL PEAK DEMAND,TOTAL PEAK DEMAND,NATIONAL DEMAND,TOTAL ENERGY DEMAND,INTERRUPTION,EXPORT,IMPORT,IPP,NEA SUBSIDIARY COMPANY,NEA

1305 MW,1711 MW,26693 MWh,32593 MWh,0 MWh,9602 MWh,0 MWh,15376 MWh,7816 MWh,9401 MWh

1305 MW,1711 MW,26693 MWh,32593 MWh,0 MWh,9602 MWh,0 MWh,15376 MWh,7816 MWh,9401 MWh

1305 MW,1711 MW,26693 MWh,32593 MWh,0 MWh,9602 MWh,0 MWh,15376 MWh,7816 MWh,9401 MWh

1305 MW,1711 MW,26693 MWh,32593 MWh,0 MWh,9602 MWh,0 MWh,15376 MWh,7816 MWh,9401 MWh

1305 MW,1711 MW,26693 MWh,32593 MWh,0 MWh,9602 MWh,0 MWh,15376 MWh,7816 MWh,9401 MWh

1305 MW,1711 MW,26693 MWh,32593 MWh,0 MWh,9602 MWh,0 MWh,15376 MWh,7816 MWh,9401 MWh

1305 MW,1711 MW,26693 MWh,32593 MWh,0 MWh,9602 MWh,0 MWh,15376 MWh,7816 MWh,9401 MWh

1305 MW,1711 MW,26693 MWh,32593 MWh,0 MWh,9602 MWh,0 MWh,15376 MWh,7816 MWh,9401 MWh

1305 MW,1711 MW,26693 MWh,32593 MWh,0 MWh,9602 MWh,0 MWh,15376 MWh,7816 MWh,9401 MWh

1305 MW,1711 MW,26693 MWh,32593 MWh,0 MWh,9602 MWh,0 MWh,15376 MWh,7816 MWh,9401 MWh

1305 MW,1711 MW,26693 MWh,32593 MWh,0 MWh,9602 MWh,0 MWh,15376 MWh,7816 MWh,9401 MWh

7965 MWh,1833 MWh,15832 MWh,14 MWh,5459 MWh,100 MWh,25744 MWh,20285 MWh,1311 MW,1200 MW

7965 MWh,1833 MWh,15832 MWh,14 MWh,5459 MWh,100 MWh,25744 MWh,20285 MWh,1311 MW,1200 MW

7965 MWh,1833 MWh,15832 MWh,14 MWh,5459 MWh,100 MWh,25744 MWh,20285 MWh,1311 MW,1200 MW
7965 MWh,1833 MWh,15832 MWh,14 MWh,5459 MWh,100 MWh,25744 MWh,20285 MWh,1311 MW,1200 MW
7965 MWh,1833 MWh,15832 MWh,14 MWh,5459 MWh,100 MWh,25744 MWh,20285 MWh,1311 MW,1200 MW
7965 MWh,1833 MWh,15832 MWh,14 MWh,5459 MWh,100 MWh,25744 MWh,20285 MWh,1311 MW,1200 MW
7965 MWh,1833 MWh,15832 MWh,14 MWh,5459 MWh,100 MWh,25744 MWh,20285 MWh,1311 MW,1200 MW
7965 MWh,1833 MWh,15832 MWh,14 MWh,5459 MWh,100 MWh,25744 MWh,20285 MWh,1311 MW,1200 MW
7965 MWh,1833 MWh,15832 MWh,14 MWh,5459 MWh,100 MWh,25744 MWh,20285 MWh,1311 MW,1200 MW
7965 MWh,1833 MWh,15832 MWh,14 MWh,5459 MWh,100 MWh,25744 MWh,20285 MWh,1311 MW,1200 MW
7965 MWh,1833 MWh,15832 MWh,14 MWh,5459 MWh,100 MWh,25744 MWh,20285 MWh,1311 MW,1200 MW
